Pre Calc,E,Math
Calculus,E,Math
AP Calculus AB,AP,Math
AP Calculus BC,AP,Math
Algebra 1,R,Math
Algebra 2,R,Math
Geometry,R,Math
Multivariable Calc,E,Math
AP Stats,AP,Math
Math Research,E,Math
Linear Algebra,E,Math
Graph Theory,E,Math
Number Theory,E,Math
Pre AP World History,E,Social Studies
AP World History,AP,Social Studies
World History,R,Social Studies
AP European History,AP,Social Studies
AP US History,AP,Social Studies
US History,R,Social Studies
AP Art History,AP,Social Studies
Gov,R,Social Studies
AP Gov,AP,Social Studies
AP Comparative Gov,AP,Social Studies
Cultural Anthropology,E,Social Studies
Physical Anthropology,E,Social Studies
Socialogy,E,Social Studies
Dollars and Sense,E,Social Studies
Principles of Accounting,E,Social Studies
Economics,E,Social Studies
AP Human Geography,AP,Social Studies
AP Macroeconomics,AP,Social Studies
AP Microeconomics,AP,Social Studies
AP Psychology,AP,Social Studies
Physics,R,Physics
Physics Lab,R,Physics
AP Physics 1,AP,Physics
AP Physics 2,AP,Physics
AP Physics C (Mechanics),AP,Physics
AP Physics C (E/M),AP,Physics
Astronomy,E,Physics
Modern Physics,E,Physics
Chemistry,R,Chemistry
AP Chemistry,AP,Chemistry
Chemical Engineering,E,Chemistry
Organic Chemistry,E,Chemistry
MICA,E,Chemistry
Quantitative Analysis,E,Chemistry
Forensics,E,Chemistry
Intro to Chem Engineering,E,Chemistry
MICA,E,Chemistry
Living Environment,R,Biological Science
Living Environment Lab,R,Biological Science
AP Biology,AP,Biological Science
AP Environmental,AP,Biological Science
Bioorganic Chemistry,E,Biological Science
Genetics,E,Biological Science
Intro to Neuroscience,E,Biological Science
Environmental Sustainability,E,Biological Science
Human Anatomy,E,Biological Science
English,E,English
AP Capstone Seminar,AP,English
AP Language,AP,English
AP Capstone Research,AP,English
Drama,E,English
Creative Writing,E,English
Film & Literature,E,English
Graphic Novels,E,English
Journalism,E,English
"Life, Love & Death",E,English
"Mystery, Horror, & the Supernatural",E,English
Science Fiction & Fantasy,E,English
Yearbook,E,English
The Survey,E,English
AP Computer Principles,AP,Computer Science
AP Computer Science A,AP,Computer Science
PLTW Digital Electronics,E,Computer Science
Digital System Design,E,Computer Science
PLTW CIM,E,Computer Science
Principles of Engineering,E,Computer Science
Robotics Engineering 1,E,Computer Science
Robotics Engineering 2,E,Computer Science
Robotics Engineering w/ Lab,E,Computer Science
IT Infrastructure,E,Computer Science
CyberSecurity,E,Computer Science
AP CyberSecurity,AP,Computer Science
Web Development,E,Computer Science
Mobile App Development,E,Computer Science
Mechatronics with LabVIEW,E,Computer Science
Chinese 1,R,World Languages
Chinese 2,R,World Languages
Chinese 3,R,World Languages
AP Chinese,AP,World Languages
Spanish 1,R,World Languages
Spanish 2,R,World Languages
Spanish 3,R,World Languages
AP Spanish,AP,World Languages
French 1,R,World Languages
French 2,R,World Languages
French 3,R,World Languages
AP French,AP,World Languages
German 1,R,World Languages
German 2,R,World Languages
German 3,R,World Languages
AP German,AP,World Languages
Italian 1,R,World Languages
Italian 2,R,World Languages
Italian 3,R,World Languages
AP Italian,AP,World Languages
Gym,E,PE
Health,E,PE
AP Music Theory,AP,Visual & Performing Arts
Basic Strings,E,Visual & Performing Arts
Beginning Musicianship & Chorus,E,Visual & Performing Arts
Collaborative Piano/Choral Accompaniment,E,Visual & Performing Arts
Concert Band,E,Visual & Performing Arts
Concert Choir,E,Visual & Performing Arts
Intermediate Orchestra,E,Visual & Performing Arts
Jazz Band,E,Visual & Performing Arts
Junior Band,E,Visual & Performing Arts
Orchestra,E,Visual & Performing Arts
String Orchestra,E,Visual & Performing Arts
Symphonic Band,E,Visual & Performing Arts
Treble Choir,E,Visual & Performing Arts
Tech Chorale,E,Visual & Performing Arts
Stageworks,E,Visual & Performing Arts
Architectural Drawing,E,Visual & Performing Arts
PLTW Civil Engineering & Architecture,E,Visual & Performing Arts
Architectural Design & Modelling,E,Visual & Performing Arts
Digital Design,E,Visual & Performing Arts
Building Materials & Fabrication,E,Visual & Performing Arts
Fundamentals of Product Design,E,Visual & Performing Arts
Methods of Fabrication,E,Visual & Performing Arts
Advanced Modeling,E,Visual & Performing Arts
Inventor Certification,E,Visual & Performing Arts
Adobe Visual Design,E,Visual & Performing Arts
Studio Art,E,Visual & Performing Arts
Adobe Visual Video,E,Visual & Performing Arts
Digital Animation,E,Visual & Performing Arts
AP 2D Art and Design,AP,Visual & Performing Arts
PTLW DDP,E,Visual & Performing Arts
Aerospace Engineering,E,Aerospace
Principles of Engineering,E,Aerospace
Flight School,E,Aerospace
Engineering Statics,E,Civil Engineering
PLTW CEA,E,Civil Engineering
American Concrete Institute Certification,E,Civil Engineering
Land Surveying Certification,E,Civil Engineering
Autocard with Certiport Certification,E,Civil Engineering
Criminal Law,E,Law and Society
Constitutional Law,E,Law and Society
Criminal Procedure,E,Law and Society
Civil Law,E,Law and Society
Forensic Criminology,E,Law and Society
Pharmacy Organic Chemistry and Seminar,E,LIU PharmD